
{
    "region" : "us-east-1",
    "configuration" : "Debug",
    "framework"     : "net5.0",
    "self-contained" : false,
    "application"    : "BookBankWebApiProject",
    "environment"    : "BookBankenv",
    "enable-xray"    : false,
    "enhanced-health-type" : "basic",
    "additional-options"   : "\"aws:autoscaling:launchconfiguration,SecurityGroups\"=\"sg-05d40bc99605d2e29,sg-0d7f0fe3a0e618d96\";\"aws:ec2:vpc,Subnets\"=\"subnet-03019183f6744bc4f\"",
    "solution-stack"       : "64bit Amazon Linux 2 v2.2.8 running .NET Core",
    "environment-type"     : "SingleInstance",
    "cname"                : "bookbankenv",
    "instance-type"        : "t2.micro",
    "key-pair"             : "keyPair4Lab3",
    "instance-profile"     : "aws-elasticbeanstalk-ec2-role",
    "service-role"         : "aws-elasticbeanstalk-service-role",
    "proxy-server"         : "nginx"
}